Vaiable,Coeff
Neighborhood_17,-31.263759259835417
Neighborhood_20,-23.62421545675366
MS SubClass_160,-22.65842125741232
Neighborhood_11,-20.983440486490696
Neighborhood_21,-20.527623494600363
Neighborhood_23,-20.378644323366704
Neighborhood_15,-18.493501966346027
Neighborhood_14,-17.8484366706187
Neighborhood_22,-17.428980806076787
Neighborhood_27,-14.253156958971196
MS SubClass_90,-13.95765146105137
Neighborhood_7,-13.919635282431813
Neighborhood_8,-13.204213377161455
Neighborhood_5,-11.461321125354495
MS SubClass_75,-9.241752097113762
Neighborhood_3,-8.897041207410373
MS SubClass_190,-8.190136991163744
Neighborhood_4,-7.121865374919267
MS SubClass_120,-6.126497009627938
Neighborhood_26,-4.18681737692188
Neighborhood_2,-4.126297846319034
MS SubClass_70,-3.0448719721022695
Neighborhood_16,-2.5674191354123153
House Age,-0.16697077466343657
Mo Sold,-0.05711259669569202
MS SubClass_150,-3.552713678800501e-15
Lot Area,0.0012637694628042234
Total Porch SF,0.017756800490076774
Total Bsmt SF,0.025916214734411025
Garage Area,0.030690503742620612
Mas Vnr Area,0.0331053869840614
Gr Liv Area,0.04021398327209759
Lot Frontage,0.04342050634180081
Garage Yr Blt,0.12368964766521096
MS SubClass_50,1.5714023995200357
Neighborhood_12,2.131050486349956
MS SubClass_180,2.406193563715748
Sale Condition,2.9013066788702924
MS SubClass_40,3.5571083718493455
Neighborhood_13,4.271270549318822
Overall Cond,4.693597875219805
MS SubClass_80,5.863294193361433
MS SubClass_60,6.68857680283012
Neighborhood_24,6.800893296842531
Neighborhood_18,7.765060207978294
MS SubClass_30,7.885000984844467
Neighborhood_6,7.926800511318307
Neighborhood_1,8.781936481364742
MS SubClass_45,8.84005976421848
Neighborhood_0,9.687086852684567
MS SubClass_20,10.604021011816284
Total Bathrooms,12.3236508463916
Overall Qual,13.143333056040307
MS SubClass_85,15.803673696333735
Neighborhood_9,19.84583819786601
Neighborhood_19,33.21304331329273
Neighborhood_25,41.08625482022639
Neighborhood_10,108.77713543176688
